character,card,winrate,pickrate, pick elo, win contribution,wr_upgraded,pr_upgraded, pick elo upgraded, win contribution upgraded
IRONCLAD,DECAY,0.0,0.0,0,0.5,0.0,0.0,0,0.5
IRONCLAD,INFERNAL_BLADE,0.33,0.27,74,0.5,1.0,0.5,56,0.51
IRONCLAD,THUNDERCLAP,0.13,0.27,177,0.44,1.0,0.33,45,0.51
IRONCLAD,BLOODLETTING,0.25,0.24,177,0.44,1.0,0.43,77,0.54
IRONCLAD,SHRUG_IT_OFF,0.38,0.3,193,0.53,0.5,0.4,50,0.52
IRONCLAD,SPOILS_MAP,0.0,0.0,0,0.47,0.0,0.0,0,0.5
IRONCLAD,DARK_EMBRACE,1.0,0.25,61,0.5,0.0,0.0,1,0.54
IRONCLAD,POMMEL_STRIKE,0.44,0.24,233,0.45,0.0,0.0,1,0.55
IRONCLAD,CASCADE,1.0,0.2,32,0.5,1.0,0.5,32,0.49
IRONCLAD,SCRAWL,0.0,0.0,0,0.51,0.0,0.0,0,0.5
IRONCLAD,BRAND,0.5,0.4,32,0.51,0.0,0.0,1,0.49
IRONCLAD,VICIOUS,0.67,0.3,90,0.5,0.0,0.0,1,0.52
IRONCLAD,NOT_YET,0.5,0.4,62,0.51,0.0,0.0,1,0.5
IRONCLAD,FLASH_OF_STEEL,0.0,0.5,32,0.49,0.0,0.0,1,0.5
IRONCLAD,COLOSSUS,0.5,0.44,114,0.51,1.0,0.5,28,0.51
IRONCLAD,JUGGERNAUT,0.0,0.0,1,0.5,0.0,0.0,1,0.49
IRONCLAD,SWORD_BOOMERANG,1.0,0.05,32,0.5,1.0,0.4,61,0.54
IRONCLAD,TEAR_ASUNDER,0.33,0.38,89,0.5,0.0,0.0,1,0.49
IRONCLAD,FEED,0.5,0.5,61,0.49,0.0,0.0,1,0.52
IRONCLAD,STONE_ARMOR,1.0,0.33,32,0.5,0.0,0.5,63,0.49
IRONCLAD,TRUE_GRIT,0.43,0.28,175,0.48,1.0,0.25,25,0.53
IRONCLAD,INFLAME,0.5,0.25,62,0.5,1.0,0.5,31,0.51
IRONCLAD,BATTLE_TRANCE,0.4,0.28,132,0.48,1.0,0.5,29,0.54
IRONCLAD,PRIMAL_FORCE,0.0,0.0,1,0.51,0.0,0.0,1,0.5
IRONCLAD,BURNING_PACT,0.0,0.26,82,0.44,0.0,0.5,25,0.5
IRONCLAD,FORGOTTEN_RITUAL,0.0,0.25,60,0.48,1.0,0.5,29,0.51
IRONCLAD,REGRET,0.0,0.0,0,0.49,0.0,0.0,0,0.5
IRONCLAD,BULLY,0.2,0.38,121,0.44,0.0,0.0,1,0.52
IRONCLAD,UNRELENTING,0.4,0.31,129,0.48,0.0,0.0,1,0.5
IRONCLAD,RAMPAGE,0.0,0.09,32,0.5,0.0,0.0,1,0.48
IRONCLAD,FEEL_NO_PAIN,0.5,0.5,62,0.5,1.0,0.5,30,0.54
IRONCLAD,FASTEN,0.0,0.0,0,0.47,0.0,0.0,0,0.5
IRONCLAD,HOWL_FROM_BEYOND,0.33,0.27,89,0.49,0.0,0.0,1,0.5
IRONCLAD,STAMPEDE,0.5,0.33,110,0.48,0.0,0.0,1,0.51
IRONCLAD,EVIL_EYE,0.33,0.33,88,0.51,0.0,0.0,1,0.5
IRONCLAD,OFFERING,1.0,0.5,135,0.58,0.0,0.0,1,0.5
IRONCLAD,DARK_SHACKLES,0.0,0.0,0,0.51,0.0,0.0,0,0.5
IRONCLAD,SETUP_STRIKE,0.0,0.08,28,0.46,0.0,0.0,1,0.5
IRONCLAD,MIND_BLAST,0.0,0.0,0,0.49,0.0,0.0,0,0.5
IRONCLAD,ONE_TWO_PUNCH,1.0,0.5,32,0.5,0.0,0.0,1,0.5
IRONCLAD,BASH,0.0,0.0,0,0.35,0.0,0.0,0,0.53
IRONCLAD,NEOWS_FURY,0.0,0.0,0,0.49,0.0,0.0,0,0.5
IRONCLAD,INFINITE_BLADES,0.0,0.0,0,0.51,0.0,0.0,0,0.5
IRONCLAD,BREAKTHROUGH,0.5,0.11,115,0.51,0.0,0.0,1,0.5
IRONCLAD,DEMON_FORM,0.0,0.0,1,0.47,0.0,0.0,1,0.5
IRONCLAD,PACTS_END,1.0,0.14,32,0.53,0.0,0.0,1,0.5
IRONCLAD,SECOND_WIND,0.0,0.2,62,0.49,0.0,0.0,1,0.5
IRONCLAD,ULTIMATE_DEFEND,0.0,0.0,0,0.5,0.0,0.0,0,0.53
IRONCLAD,BEAT_DOWN,0.0,0.0,0,0.5,0.0,0.0,0,0.51
IRONCLAD,SPITE,0.0,0.17,32,0.48,0.5,0.33,60,0.5
IRONCLAD,THINKING_AHEAD,1.0,0.5,32,0.53,0.0,0.0,1,0.5
IRONCLAD,INJURY,0.0,0.0,0,0.49,0.0,0.0,0,0.5
IRONCLAD,RUPTURE,0.0,0.14,32,0.49,0.0,0.0,1,0.5
IRONCLAD,PYRE,0.0,0.33,48,0.46,0.0,0.0,1,0.5
IRONCLAD,ANGER,0.0,0.07,59,0.48,0.0,0.0,1,0.48
IRONCLAD,STOKE,0.0,0.0,1,0.49,0.0,0.0,1,0.5
IRONCLAD,TWIN_STRIKE,0.0,0.03,32,0.49,0.0,0.5,30,0.49
IRONCLAD,LEADING_STRIKE,0.0,0.0,0,0.51,0.0,0.0,0,0.5
IRONCLAD,ASHEN_STRIKE,0.75,0.33,116,0.54,0.0,0.0,1,0.47
IRONCLAD,MANGLE,0.5,0.22,62,0.49,0.0,0.0,1,0.52
IRONCLAD,BLOOD_WALL,0.0,0.05,32,0.5,0.0,0.29,60,0.48
IRONCLAD,MOLTEN_FIST,0.86,0.16,184,0.58,0.75,0.5,97,0.53
IRONCLAD,BARRICADE,0.0,0.33,60,0.5,0.0,0.0,1,0.48
IRONCLAD,MAD_SCIENCE,0.0,0.0,0,0.52,0.0,0.0,0,0.5
IRONCLAD,FINESSE,0.0,0.5,28,0.46,0.0,0.0,1,0.52
IRONCLAD,DEFEND_IRONCLAD,0.0,0.0,0,-0.18,0.0,0.0,0,0.6
IRONCLAD,BREAK,0.0,0.0,0,0.5,0.0,0.0,0,0.52
IRONCLAD,DISMANTLE,1.0,0.1,32,0.52,1.0,0.25,32,0.52
IRONCLAD,HEMOKINESIS,0.33,0.2,90,0.49,0.0,0.0,1,0.5
IRONCLAD,FAN_OF_KNIVES,0.0,0.0,0,0.51,0.0,0.0,0,0.5
IRONCLAD,HEADBUTT,0.43,0.15,166,0.47,0.0,0.0,1,0.51
IRONCLAD,CORRUPTION,0.0,0.0,0,0.5,0.0,0.0,0,0.49
IRONCLAD,STRIKE_IRONCLAD,0.0,0.0,0,-0.2,0.0,0.0,0,0.54
IRONCLAD,CRIMSON_MANTLE,1.0,0.33,62,0.5,0.0,0.0,1,0.53
IRONCLAD,DOMINATE,0.4,0.38,135,0.51,1.0,0.5,53,0.54
IRONCLAD,FISTICUFFS,0.0,0.5,32,0.49,0.0,0.0,1,0.5
IRONCLAD,PIERCING_WAIL,0.0,0.0,0,0.51,0.0,0.0,0,0.5
IRONCLAD,PILLAGE,0.5,0.15,62,0.51,0.0,0.0,1,0.5
IRONCLAD,ARMAMENTS,0.17,0.15,159,0.46,0.67,0.38,79,0.52
IRONCLAD,CLUMSY,0.0,0.0,0,0.52,0.0,0.0,0,0.5
IRONCLAD,IMPERVIOUS,1.0,0.5,32,0.52,0.0,0.0,1,0.5
IRONCLAD,HAVOC,1.0,0.13,91,0.51,0.5,0.25,58,0.53
IRONCLAD,PROWESS,0.0,0.0,0,0.5,0.0,0.0,0,0.5
IRONCLAD,JUGGLING,0.0,0.0,1,0.53,0.0,0.0,1,0.5
IRONCLAD,EXPECT_A_FIGHT,0.0,0.0,1,0.5,1.0,0.5,32,0.51
IRONCLAD,TREMBLE,0.5,0.3,203,0.53,0.5,0.4,99,0.52
IRONCLAD,BODY_SLAM,0.0,0.03,32,0.49,1.0,0.33,31,0.52
IRONCLAD,WHIRLWIND,1.0,0.07,32,0.51,0.0,0.0,1,0.5
IRONCLAD,THRASH,0.67,0.43,89,0.52,0.0,0.0,1,0.5
IRONCLAD,FLAME_BARRIER,0.5,0.4,116,0.51,0.0,0.0,1,0.51
IRONCLAD,AUTOMATION,0.0,0.0,0,0.5,0.0,0.0,0,0.52
IRONCLAD,UPPERCUT,0.4,0.38,107,0.45,1.0,0.5,29,0.53
IRONCLAD,CRUELTY,0.0,0.0,1,0.48,0.0,0.0,1,0.5
IRONCLAD,IRON_WAVE,0.0,0.04,32,0.49,0.0,0.0,1,0.5
IRONCLAD,MALAISE,0.0,0.0,0,0.5,0.0,0.0,0,0.51
IRONCLAD,RAGE,0.2,0.36,127,0.49,1.0,0.5,29,0.46
IRONCLAD,ASCENDERS_BANE,0.0,0.0,0,0.37,0.0,0.0,0,0.5
IRONCLAD,EXTERMINATE,0.0,0.0,0,0.49,0.0,0.0,0,0.5
IRONCLAD,TAUNT,0.5,0.46,128,0.49,0.0,0.5,27,0.51
IRONCLAD,HIDDEN_GEM,0.0,0.0,0,0.5,0.0,0.0,0,0.53
IRONCLAD,ULTIMATE_STRIKE,0.0,0.0,0,0.47,0.0,0.0,0,0.5
IRONCLAD,BLUDGEON,0.33,0.29,149,0.48,0.0,0.0,1,0.48
IRONCLAD,ROLLING_BOULDER,0.0,0.0,1,0.5,0.0,0.0,1,0.51
IRONCLAD,OMNISLICE,0.0,0.33,32,0.49,0.0,0.0,1,0.5
IRONCLAD,DRUM_OF_BATTLE,0.0,0.0,1,0.5,0.0,0.33,32,0.5
IRONCLAD,CINDER,0.5,0.15,164,0.49,0.0,0.0,1,0.51
SILENT,BLUR,0.5,0.31,109,0.51,0.0,0.0,1,0.5
SILENT,LEG_SWEEP,0.5,0.31,109,0.52,0.0,0.0,1,0.49
SILENT,DECAY,0.0,0.0,0,0.5,0.0,0.0,0,0.5
SILENT,HAZE,0.0,0.43,79,0.47,1.0,0.43,77,0.53
SILENT,NEUTRALIZE,0.0,0.0,0,0.37,0.0,0.0,0,0.5
SILENT,ESCAPE_PLAN,0.45,0.48,211,0.48,0.0,0.0,1,0.52
SILENT,DEFILE,0.0,0.5,32,0.49,0.0,0.0,1,0.5
SILENT,ENVENOM,1.0,0.33,32,0.49,0.0,0.0,1,0.51
SILENT,FLECHETTES,0.0,0.17,25,0.5,0.0,0.0,1,0.5
SILENT,BURST,0.0,0.0,1,0.5,1.0,0.5,32,0.51
SILENT,ADRENALINE,0.0,0.0,1,0.5,1.0,0.5,32,0.51
SILENT,BLADE_DANCE,0.33,0.35,148,0.48,1.0,0.25,20,0.51
SILENT,SERPENT_FORM,1.0,0.17,32,0.51,0.0,0.0,1,0.5
SILENT,PREPARED,0.5,0.4,154,0.49,0.83,0.5,112,0.61
SILENT,ANTICIPATE,0.0,0.05,32,0.49,0.0,0.0,1,0.5
SILENT,OUTBREAK,1.0,0.1,32,0.5,1.0,0.5,32,0.54
SILENT,RELAX,0.0,0.0,0,0.48,0.0,0.0,0,0.52
SILENT,GREED,0.0,0.0,0,0.49,0.0,0.0,0,0.5
SILENT,ABRASIVE,0.5,0.4,61,0.49,0.0,0.0,1,0.51
SILENT,LEADING_STRIKE,0.0,0.05,32,0.5,1.0,0.25,32,0.51
SILENT,SPOILS_MAP,0.0,0.0,0,0.48,0.0,0.0,0,0.5
SILENT,PINPOINT,1.0,0.25,61,0.5,0.0,0.0,1,0.52
SILENT,ACCURACY,0.67,0.27,88,0.5,0.0,0.0,1,0.51
SILENT,GRAND_FINALE,0.0,0.0,1,0.51,0.0,0.0,1,0.5
SILENT,SECRET_WEAPON,0.0,0.0,0,0.5,0.0,0.0,0,0.51
SILENT,MAD_SCIENCE,0.0,0.0,0,0.51,0.0,0.0,0,0.5
SILENT,METAMORPHOSIS,0.0,0.0,0,0.49,0.0,0.0,0,0.5
SILENT,FINESSE,0.0,0.0,1,0.5,1.0,0.5,32,0.51
SILENT,TACTICIAN,1.0,0.14,32,0.51,0.0,0.33,32,0.49
SILENT,CALCULATED_GAMBLE,0.0,0.0,1,0.5,1.0,0.5,63,0.52
SILENT,FLASH_OF_STEEL,0.0,0.5,32,0.49,0.0,0.0,1,0.5
SILENT,SURVIVOR,0.0,0.0,0,0.37,0.0,0.0,0,0.5
SILENT,HIDDEN_DAGGERS,0.0,0.33,56,0.48,1.0,0.5,28,0.51
SILENT,HAND_TRICK,0.0,0.25,87,0.48,0.5,0.33,55,0.5
SILENT,DEFLECT,0.0,0.11,59,0.48,1.0,0.2,1,0.51
SILENT,MIRAGE,0.0,0.25,61,0.48,1.0,0.5,28,0.52
SILENT,CORROSIVE_WAVE,0.0,0.33,32,0.49,0.0,0.0,1,0.5
SILENT,FAN_OF_KNIVES,1.0,0.14,25,0.51,0.0,0.0,1,0.51
SILENT,DAGGER_SPRAY,0.4,0.17,133,0.49,0.0,0.0,1,0.5
SILENT,PECK,0.0,0.0,0,0.49,0.0,0.0,0,0.49
SILENT,DODGE_AND_ROLL,1.0,0.05,32,0.5,1.0,0.33,60,0.54
SILENT,DRAIN_POWER,0.0,0.5,32,0.49,0.0,0.0,1,0.5
SILENT,DEFEND_SILENT,0.0,0.0,0,-0.23,0.0,0.0,0,0.6
SILENT,ACROBATICS,0.0,0.38,74,0.48,0.67,0.43,81,0.5
SILENT,EXPOSE,0.2,0.42,125,0.45,0.0,0.0,1,0.51
SILENT,PRODUCTION,1.0,0.33,32,0.51,0.0,0.0,1,0.5
SILENT,DISCOVERY,0.0,0.0,1,0.5,1.0,0.5,32,0.52
SILENT,PIERCING_WAIL,0.33,0.17,87,0.48,0.8,0.5,131,0.53
SILENT,FOOTWORK,0.45,0.46,198,0.43,0.0,0.0,1,0.57
SILENT,PREDATOR,1.0,0.2,32,0.5,1.0,0.5,32,0.52
SILENT,UP_MY_SLEEVE,0.67,0.33,88,0.5,0.0,0.0,1,0.52
SILENT,BOUNCING_FLASK,0.25,0.27,84,0.46,1.0,0.2,26,0.55
SILENT,PANACHE,1.0,0.5,32,0.5,0.0,0.0,1,0.51
SILENT,STRIKE_SILENT,0.0,0.0,0,-0.21,0.0,0.0,0,0.55
SILENT,REFLEX,1.0,0.08,32,0.51,0.0,0.0,1,0.5
SILENT,AFTERIMAGE,1.0,0.5,59,0.53,0.0,0.0,1,0.5
SILENT,CLUMSY,0.0,0.0,0,0.47,0.0,0.0,0,0.5
SILENT,TOOLS_OF_THE_TRADE,1.0,0.5,32,0.51,0.0,0.0,1,0.49
SILENT,POUNCE,0.67,0.2,81,0.5,0.0,0.5,27,0.52
SILENT,CATASTROPHE,0.0,0.25,25,0.49,0.0,0.0,1,0.51
SILENT,FLICK_FLACK,0.0,0.21,101,0.4,0.0,0.0,1,0.5
SILENT,FOLLOW_THROUGH,0.0,0.04,32,0.49,0.0,0.0,1,0.5
SILENT,DAGGER_THROW,0.0,0.14,86,0.48,0.0,0.0,1,0.49
SILENT,DRAMATIC_ENTRANCE,1.0,0.5,32,0.5,0.0,0.0,1,0.51
SILENT,EXPERTISE,0.0,0.0,1,0.5,1.0,0.33,32,0.51
SILENT,FOLLY,0.0,0.0,0,0.51,0.0,0.0,0,0.5
SILENT,DEADLY_POISON,0.22,0.32,189,0.43,0.0,0.0,1,0.51
SILENT,NIGHTMARE,0.67,0.5,80,0.51,0.0,0.0,1,0.51
SILENT,BACKSTAB,0.0,0.25,61,0.49,0.0,0.5,32,0.49
SILENT,SHADOWMELD,0.0,0.25,32,0.49,1.0,0.5,30,0.51
SILENT,POISONED_STAB,0.5,0.1,59,0.51,0.0,0.0,1,0.5
SILENT,CHARGE,0.0,0.5,1,0.49,0.0,0.0,1,0.5
SILENT,RICOCHET,0.0,0.12,84,0.47,0.0,0.33,27,0.49
SILENT,DOUBT,0.0,0.0,0,0.51,0.0,0.0,0,0.5
SILENT,KNIFE_TRAP,0.0,0.33,31,0.49,0.0,0.0,1,0.5
SILENT,UNTOUCHABLE,0.75,0.25,80,0.53,1.0,0.33,49,0.52
SILENT,STORM_OF_STEEL,0.0,0.0,0,0.49,0.0,0.0,0,0.5
SILENT,MALAISE,0.0,0.2,32,0.5,1.0,0.5,32,0.51
SILENT,GUILTY,0.0,0.0,0,0.49,0.0,0.0,0,0.5
SILENT,GRAVE_WARDEN,0.0,0.5,1,0.49,0.0,0.0,1,0.5
SILENT,ASCENDERS_BANE,0.0,0.0,0,0.37,0.0,0.0,0,0.5
SILENT,SNAKEBITE,0.25,0.2,109,0.48,0.5,0.33,51,0.5
SILENT,EXTERMINATE,0.0,0.0,0,0.49,0.0,0.0,0,0.51
SILENT,THE_HUNT,1.0,0.25,32,0.5,0.0,0.0,1,0.51
SILENT,FINISHER,0.0,0.0,1,0.5,1.0,0.5,63,0.52
SILENT,BUBBLE_BUBBLE,0.25,0.4,77,0.45,0.0,0.0,1,0.5
SILENT,PHANTOM_BLADES,0.0,0.2,32,0.49,0.0,0.0,1,0.5
SILENT,MURDER,0.0,0.2,32,0.49,0.0,0.0,1,0.5
SILENT,WELL_LAID_PLANS,0.0,0.17,25,0.49,1.0,0.33,31,0.51
SILENT,NOXIOUS_FUMES,0.67,0.33,85,0.5,0.0,0.0,1,0.52
SILENT,CLOAK_AND_DAGGER,0.0,0.0,1,0.5,1.0,0.11,32,0.51
SILENT,BACKFLIP,0.22,0.32,156,0.44,1.0,0.33,43,0.51
SILENT,BULLET_TIME,0.0,0.0,1,0.5,0.0,0.33,32,0.49
SILENT,SPEEDSTER,1.0,0.13,25,0.51,0.0,0.0,1,0.5
REGENT,DEFEND_REGENT,0.0,0.0,0,-0.21,0.0,0.0,0,0.47
REGENT,ASTRAL_PULSE,0.0,0.15,139,0.46,0.5,0.29,54,0.47
REGENT,TYRANNY,0.0,0.4,61,0.49,0.0,0.0,1,0.5
REGENT,PHOTON_CUT,0.0,0.0,1,0.5,0.5,0.4,63,0.5
REGENT,PARTICLE_WALL,1.0,0.07,32,0.51,0.0,0.0,1,0.5
REGENT,BULWARK,0.5,0.33,62,0.5,0.33,0.5,81,0.49
REGENT,THE_SCYTHE,1.0,0.5,1,0.5,0.0,0.0,1,0.51
REGENT,ORBIT,0.5,0.27,119,0.5,0.0,0.0,1,0.51
REGENT,KNOW_THY_PLACE,0.29,0.4,357,0.33,0.0,0.0,1,0.52
REGENT,GREED,0.0,0.0,0,0.51,0.0,0.0,0,0.5
REGENT,GATHER_LIGHT,0.38,0.36,272,0.46,0.0,0.5,24,0.48
REGENT,SPOILS_MAP,0.0,0.0,0,0.46,0.0,0.0,0,0.5
REGENT,GO_FOR_THE_EYES,0.0,0.5,1,0.48,0.0,0.0,1,0.5
REGENT,CLOAK_OF_STARS,0.67,0.25,190,0.54,0.0,0.0,1,0.5
REGENT,GLIMMER,0.5,0.33,208,0.48,0.0,0.0,1,0.53
REGENT,KINGLY_KICK,0.0,0.0,1,0.5,0.0,0.25,32,0.49
REGENT,GAMMA_BLAST,0.5,0.18,62,0.5,1.0,0.17,32,0.51
REGENT,PROPHESIZE,0.0,0.0,1,0.52,0.0,0.0,1,0.5
REGENT,THE_SEALED_THRONE,0.0,0.0,0,0.5,0.0,0.0,0,0.51
REGENT,DANSE_MACABRE,1.0,0.5,32,0.51,0.0,0.0,1,0.5
REGENT,GUIDING_STAR,1.0,0.05,32,0.52,0.33,0.43,92,0.49
REGENT,BEGONE,0.33,0.21,148,0.48,0.0,0.14,24,0.48
REGENT,RESTLESSNESS,0.0,0.5,32,0.49,0.0,0.0,1,0.52
REGENT,GLOW,0.25,0.14,106,0.49,1.0,0.5,21,0.5
REGENT,BUNDLE_OF_JOY,0.0,0.33,61,0.49,0.0,0.0,1,0.49
REGENT,REFINE_BLADE,0.33,0.18,164,0.5,0.0,0.33,27,0.48
REGENT,SUMMON_FORTH,0.5,0.25,62,0.51,0.0,0.5,32,0.49
REGENT,PRODUCTION,0.0,0.0,0,0.51,0.0,0.0,0,0.5
REGENT,ARSENAL,1.0,0.11,32,0.51,0.0,0.0,1,0.48
REGENT,DECISIONS_DECISIONS,1.0,0.5,62,0.51,0.0,0.0,1,0.52
REGENT,QUASAR,0.5,0.22,57,0.48,1.0,0.5,58,0.54
REGENT,FURNACE,0.0,0.08,32,0.49,0.0,0.33,32,0.51
REGENT,CELESTIAL_MIGHT,0.0,0.04,32,0.49,0.0,0.0,1,0.5
REGENT,CONQUEROR,0.0,0.11,32,0.5,1.0,0.5,32,0.51
REGENT,CRUSH_UNDER,0.0,0.08,62,0.49,0.0,0.5,30,0.48
REGENT,COMET,0.5,0.4,61,0.49,0.0,0.0,1,0.51
REGENT,METEOR_SHOWER,0.0,0.0,0,0.5,0.0,0.0,0,0.49
REGENT,GLITTERSTREAM,0.33,0.16,164,0.49,0.33,0.43,81,0.49
REGENT,CHARGE,0.57,0.37,182,0.52,0.0,0.0,1,0.5
REGENT,COLLISION_COURSE,0.33,0.1,80,0.48,0.5,0.5,52,0.5
REGENT,COSMIC_INDIFFERENCE,1.0,0.05,32,0.51,1.0,0.5,56,0.53
REGENT,KNOCKOUT_BLOW,0.0,0.24,118,0.48,0.0,0.0,1,0.46
REGENT,IMPATIENCE,0.0,0.0,1,0.49,0.0,0.0,1,0.5
REGENT,PALE_BLUE_DOT,0.67,0.17,81,0.48,1.0,0.5,32,0.52
REGENT,RADIATE,0.0,0.17,32,0.5,0.0,0.0,1,0.5
REGENT,CHILD_OF_THE_STARS,1.0,0.25,62,0.51,0.0,0.0,1,0.52
REGENT,FASTEN,0.0,0.0,0,0.5,0.0,0.0,0,0.46
REGENT,WROUGHT_IN_WAR,0.33,0.11,90,0.5,0.0,0.0,1,0.49
REGENT,HIDDEN_CACHE,0.25,0.28,211,0.47,0.67,0.43,71,0.51
REGENT,RESONANCE,0.0,0.08,32,0.49,0.0,0.5,30,0.49
REGENT,HEIRLOOM_HAMMER,0.0,0.2,32,0.48,0.0,0.0,1,0.5
REGENT,BOMBARDMENT,1.0,0.5,62,0.52,0.0,0.0,1,0.5
REGENT,GUARDS,0.33,0.3,87,0.49,0.0,0.5,27,0.49
REGENT,ULTIMATE_DEFEND,1.0,0.5,32,0.5,0.0,0.0,1,0.51
REGENT,REFLECT,0.4,0.48,226,0.45,1.0,0.5,17,0.53
REGENT,SUPERMASSIVE,0.0,0.09,31,0.47,0.0,0.0,1,0.5
REGENT,STRIKE_REGENT,0.0,0.0,0,-0.14,0.0,0.0,0,0.47
REGENT,VENERATE,0.0,0.0,0,0.39,0.0,0.0,0,0.42
REGENT,MAYHEM,0.0,0.5,32,0.5,0.0,0.0,1,0.49
REGENT,VOID_FORM,1.0,0.5,90,0.54,0.0,0.0,1,0.5
REGENT,SEEKING_EDGE,1.0,0.5,32,0.51,0.0,0.0,1,0.5
REGENT,I_AM_INVINCIBLE,0.67,0.43,89,0.51,0.0,0.0,1,0.51
REGENT,SOLAR_STRIKE,0.0,0.0,1,0.5,0.0,0.4,63,0.47
REGENT,DEVASTATE,0.0,0.25,90,0.47,0.0,0.0,1,0.49
REGENT,MAD_SCIENCE,0.0,0.0,0,0.52,0.0,0.0,0,0.5
REGENT,METAMORPHOSIS,0.0,0.0,0,0.49,0.0,0.0,0,0.5
REGENT,FINESSE,0.0,0.0,0,0.51,0.0,0.0,0,0.5
REGENT,FALLING_STAR,0.0,0.0,0,0.31,0.0,0.0,0,0.51
REGENT,NEUTRON_AEGIS,0.0,0.5,62,0.49,0.0,0.0,1,0.49
REGENT,STARDUST,0.0,0.22,51,0.47,0.0,0.0,1,0.5
REGENT,FISTICUFFS,0.0,0.0,1,0.48,0.0,0.0,1,0.5
REGENT,BLACK_HOLE,0.17,0.43,167,0.46,1.0,0.5,49,0.53
REGENT,SPOILS_OF_BATTLE,0.5,0.11,79,0.48,0.5,0.4,53,0.51
REGENT,CLUMSY,0.0,0.0,0,0.51,0.0,0.0,0,0.5
REGENT,LUNAR_BLAST,0.0,0.29,60,0.48,1.0,0.5,27,0.51
REGENT,THE_SMITH,1.0,0.2,32,0.5,0.0,0.0,1,0.51
REGENT,MANIFEST_AUTHORITY,0.0,0.13,62,0.48,0.0,0.0,1,0.5
REGENT,ALIGNMENT,0.0,0.0,1,0.48,0.0,0.0,1,0.5
REGENT,CATASTROPHE,0.0,0.0,0,0.5,0.0,0.0,0,0.51
REGENT,DYING_STAR,0.0,0.25,32,0.49,1.0,0.5,32,0.51
REGENT,PARRY,0.75,0.24,118,0.53,0.0,0.0,1,0.52
REGENT,BEAT_INTO_SHAPE,0.0,0.0,1,0.5,0.0,0.5,61,0.47
REGENT,SEVEN_STARS,0.0,0.25,32,0.5,0.0,0.0,1,0.49
REGENT,HEGEMONY,0.0,0.11,32,0.49,0.0,0.0,1,0.5
REGENT,MONOLOGUE,0.0,0.11,32,0.49,0.0,0.0,1,0.5
REGENT,ROYAL_GAMBLE,0.67,0.3,83,0.52,0.0,0.0,1,0.5
REGENT,SWORD_SAGE,0.0,0.25,62,0.49,0.0,0.0,1,0.49
REGENT,CONVERGENCE,0.0,0.37,196,0.45,0.0,0.0,1,0.48
REGENT,FEEDING_FRENZY,0.0,0.0,0,0.49,0.0,0.0,0,0.5
REGENT,BYRD_SWOOP,0.0,0.0,0,0.49,0.0,0.0,0,0.5
REGENT,IRON_WAVE,0.0,0.5,32,0.5,0.0,0.0,1,0.48
REGENT,PATTER,0.17,0.19,127,0.42,0.0,0.0,1,0.48
REGENT,ASCENDERS_BANE,0.0,0.0,0,0.31,0.0,0.0,0,0.5
REGENT,PURITY,0.0,0.0,1,0.49,0.0,0.0,1,0.5
REGENT,HIDDEN_GEM,0.0,0.0,0,0.49,0.0,0.0,0,0.49
REGENT,OMNISLICE,1.0,0.5,32,0.5,0.0,0.0,1,0.53
REGENT,CRESCENT_SPEAR,0.0,0.0,1,0.5,1.0,0.33,63,0.52
REGENT,EQUILIBRIUM,0.0,0.5,32,0.49,0.0,0.0,1,0.49
REGENT,BIG_BANG,0.5,0.5,61,0.49,0.0,0.0,1,0.5
NECROBINDER,DECAY,0.0,0.0,0,0.52,0.0,0.0,0,0.5
NECROBINDER,RATTLE,0.33,0.2,74,0.51,0.0,0.0,1,0.47
NECROBINDER,THE_SCYTHE,0.0,0.33,32,0.47,0.0,0.0,1,0.5
NECROBINDER,DEATHBRINGER,0.0,0.0,1,0.49,1.0,0.5,32,0.51
NECROBINDER,ULTIMATE_DEFEND,0.0,0.0,0,0.5,0.0,0.0,0,0.5
NECROBINDER,BEAT_DOWN,0.0,0.0,0,0.51,0.0,0.0,0,0.5
NECROBINDER,INVOKE,0.5,0.07,61,0.48,1.0,0.29,63,0.55
NECROBINDER,DEFILE,0.25,0.17,115,0.49,0.0,0.0,1,0.49
NECROBINDER,NEUROSURGE,0.75,0.5,115,0.53,0.0,0.0,1,0.5
NECROBINDER,INJURY,0.0,0.0,0,0.49,0.0,0.0,0,0.5
NECROBINDER,HAUNT,0.0,0.0,1,0.5,0.0,0.5,32,0.48
NECROBINDER,GREED,0.0,0.0,0,0.51,0.0,0.0,0,0.5
NECROBINDER,DEFEND_NECROBINDER,0.0,0.0,0,-0.15,0.0,0.0,0,0.48
NECROBINDER,HANG,1.0,0.5,32,0.5,1.0,0.33,31,0.53
NECROBINDER,SEANCE,1.0,0.29,60,0.49,0.0,0.0,1,0.53
NECROBINDER,RIGHT_HAND_HAND,1.0,0.08,32,0.5,1.0,0.5,32,0.51
NECROBINDER,FLATTEN,0.0,0.19,107,0.42,0.0,0.0,1,0.5
NECROBINDER,REAPER_FORM,0.0,0.0,1,0.49,0.0,0.5,32,0.48
NECROBINDER,SEVERANCE,0.0,0.4,80,0.47,0.0,0.0,1,0.46
NECROBINDER,DREDGE,0.5,0.26,157,0.48,0.0,0.0,1,0.51
NECROBINDER,DEATHS_DOOR,0.0,0.08,32,0.49,0.0,0.0,1,0.5
NECROBINDER,ENFEEBLING_TOUCH,0.8,0.38,138,0.53,0.0,0.0,1,0.54
NECROBINDER,BODYGUARD,0.0,0.0,0,0.33,0.0,0.0,0,0.49
NECROBINDER,DANSE_MACABRE,0.0,0.14,32,0.49,0.0,0.0,1,0.5
NECROBINDER,TIMES_UP,1.0,0.14,32,0.51,0.0,0.0,1,0.5
NECROBINDER,FINESSE,0.0,0.0,0,0.5,0.0,0.0,0,0.51
NECROBINDER,NECRO_MASTERY,0.0,0.25,32,0.49,0.0,0.0,1,0.52
NECROBINDER,OBLIVION,0.0,0.5,32,0.49,0.0,0.0,1,0.48
NECROBINDER,PUTREFY,0.33,0.38,91,0.49,0.0,0.0,1,0.5
NECROBINDER,BONE_SHARDS,0.29,0.37,165,0.47,0.0,0.0,1,0.48
NECROBINDER,ENLIGHTENMENT,0.0,0.0,0,0.51,0.0,0.0,0,0.51
NECROBINDER,REANIMATE,0.5,0.5,61,0.49,0.0,0.0,1,0.51
NECROBINDER,DEVOUR_LIFE,0.67,0.27,89,0.5,0.0,0.0,1,0.53
NECROBINDER,PULL_AGGRO,0.5,0.07,62,0.5,0.33,0.5,92,0.47
NECROBINDER,PANIC_BUTTON,1.0,0.5,32,0.53,0.0,0.0,1,0.5
NECROBINDER,DRAIN_POWER,1.0,0.13,62,0.51,1.0,0.14,29,0.45
NECROBINDER,PRODUCTION,0.0,0.0,1,0.47,0.0,0.0,1,0.5
NECROBINDER,MELANCHOLY,0.33,0.25,80,0.5,0.0,0.0,1,0.51
NECROBINDER,DEFY,0.42,0.43,273,0.5,0.33,0.5,61,0.46
NECROBINDER,PAGESTORM,0.33,0.23,87,0.47,1.0,0.5,32,0.53
NECROBINDER,FRIENDSHIP,0.5,0.27,116,0.48,1.0,0.33,27,0.53
NECROBINDER,SOW,0.25,0.13,116,0.49,0.0,0.0,1,0.49
NECROBINDER,DELAY,0.5,0.25,104,0.47,0.0,0.0,1,0.51
NECROBINDER,POKE,0.29,0.2,154,0.46,1.0,0.17,27,0.51
NECROBINDER,REAVE,0.0,0.0,1,0.5,0.0,0.11,32,0.5
NECROBINDER,CALCIFY,0.0,0.29,50,0.47,1.0,0.5,26,0.51
NECROBINDER,NO_ESCAPE,0.33,0.33,90,0.49,0.0,0.0,1,0.5
NECROBINDER,CALL_OF_THE_VOID,0.5,0.33,60,0.49,0.0,0.0,1,0.5
NECROBINDER,DEBILITATE,0.0,0.0,1,0.49,1.0,0.2,32,0.51
NECROBINDER,VEILPIERCER,0.2,0.28,139,0.48,0.0,0.0,1,0.49
NECROBINDER,SHARED_FATE,0.5,0.5,61,0.5,0.0,0.0,1,0.5
NECROBINDER,BLIGHT_STRIKE,0.0,0.1,61,0.48,0.0,0.0,1,0.5
NECROBINDER,SQUEEZE,0.0,0.0,1,0.5,1.0,0.33,32,0.51
NECROBINDER,CLUMSY,0.0,0.0,0,0.47,0.0,0.0,0,0.5
NECROBINDER,WISP,1.0,0.08,61,0.51,0.0,0.0,1,0.5
NECROBINDER,STRIKE_NECROBINDER,0.0,0.0,0,-0.03,0.0,0.0,0,0.49
NECROBINDER,FEAR,0.0,0.12,89,0.46,0.5,0.44,125,0.48
NECROBINDER,CLEANSE,0.0,0.22,113,0.41,0.0,0.0,1,0.5
NECROBINDER,CATASTROPHE,0.0,0.33,32,0.48,0.0,0.0,1,0.5
NECROBINDER,REAP,0.4,0.19,125,0.52,0.0,0.33,27,0.47
NECROBINDER,FORBIDDEN_GRIMOIRE,0.0,0.0,0,0.5,0.0,0.0,0,0.5
NECROBINDER,PARSE,1.0,0.24,113,0.56,0.0,0.0,1,0.5
NECROBINDER,BORROWED_TIME,0.67,0.38,88,0.48,1.0,0.5,29,0.54
NECROBINDER,LETHALITY,0.25,0.42,214,0.47,1.0,0.5,32,0.5
NECROBINDER,SPUR,0.5,0.31,115,0.48,1.0,0.5,28,0.52
NECROBINDER,AFTERLIFE,1.0,0.05,32,0.5,0.0,0.33,94,0.45
NECROBINDER,DOUBT,0.0,0.0,0,0.51,0.0,0.0,0,0.5
NECROBINDER,UNDEATH,0.0,0.14,32,0.5,0.0,0.0,1,0.49
NECROBINDER,SLEIGHT_OF_FLESH,0.33,0.23,89,0.5,1.0,0.33,29,0.52
NECROBINDER,HIGH_FIVE,0.0,0.25,89,0.46,0.0,0.0,1,0.5
NECROBINDER,BYRD_SWOOP,0.0,0.0,0,0.46,0.0,0.0,0,0.5
NECROBINDER,SNAP,0.4,0.14,119,0.45,1.0,0.33,49,0.53
NECROBINDER,FETCH,0.6,0.45,121,0.53,0.0,0.0,1,0.47
NECROBINDER,GUILTY,0.0,0.0,0,0.46,0.0,0.0,0,0.5
NECROBINDER,PULL_FROM_BELOW,0.67,0.27,87,0.48,0.0,0.4,53,0.5
NECROBINDER,GRAVE_WARDEN,0.71,0.25,177,0.51,0.0,0.5,63,0.52
NECROBINDER,SCOURGE,0.33,0.1,88,0.49,0.67,0.3,87,0.51
NECROBINDER,ASCENDERS_BANE,0.0,0.0,0,0.33,0.0,0.0,0,0.5
NECROBINDER,COUNTDOWN,0.33,0.2,89,0.5,0.0,0.0,1,0.48
NECROBINDER,DIRGE,0.5,0.31,108,0.5,1.0,0.33,27,0.49
NECROBINDER,UNLEASH,0.0,0.0,0,0.33,0.0,0.0,0,0.5
NECROBINDER,ERADICATE,0.0,0.38,74,0.49,0.0,0.0,1,0.47
NECROBINDER,SENTRY_MODE,0.33,0.33,78,0.52,0.0,0.0,1,0.47
NECROBINDER,MISERY,0.5,0.29,60,0.5,0.0,0.0,1,0.5
NECROBINDER,SIC_EM,1.0,0.2,32,0.5,0.0,0.0,1,0.5
NECROBINDER,CAPTURE_SPIRIT,0.4,0.22,140,0.47,0.0,0.0,1,0.52
NECROBINDER,TRANSFIGURE,0.5,0.5,61,0.49,0.0,0.0,1,0.51
NECROBINDER,BURY,0.0,0.17,32,0.52,0.0,0.0,1,0.52
NECROBINDER,GRAVEBLAST,0.63,0.22,192,0.52,0.33,0.3,66,0.49
DEFECT,LIGHTNING_ROD,1.0,0.08,62,0.53,0.0,0.0,1,0.5
DEFECT,TYRANNY,0.0,0.0,0,0.49,0.0,0.0,0,0.5
DEFECT,DEFEND_DEFECT,0.0,0.0,0,-0.15,0.0,0.0,0,0.36
DEFECT,SQUASH,0.0,0.0,0,0.51,0.0,0.0,0,0.5
DEFECT,STRIKE_DEFECT,0.0,0.0,0,-0.12,0.0,0.0,0,0.46
DEFECT,OVERCLOCK,0.0,0.4,117,0.45,0.0,0.0,1,0.49
DEFECT,DARKNESS,1.0,0.14,32,0.5,0.33,0.43,88,0.5
DEFECT,TURBO,0.33,0.2,163,0.48,0.0,0.0,1,0.5
DEFECT,BALL_LIGHTNING,0.0,0.08,62,0.48,0.0,0.0,1,0.5
DEFECT,ULTIMATE_DEFEND,0.0,0.0,0,0.47,0.0,0.0,0,0.5
DEFECT,COMPACT,0.2,0.38,139,0.46,0.0,0.0,1,0.5
DEFECT,PREPARED,1.0,0.5,1,0.5,0.0,0.0,1,0.51
DEFECT,THINKING_AHEAD,0.0,0.0,0,0.51,0.0,0.0,0,0.5
DEFECT,ZAP,0.0,0.0,0,0.37,0.0,0.0,0,0.4
DEFECT,LEAP,0.25,0.13,115,0.49,0.0,0.4,113,0.46
DEFECT,THUNDER,0.0,0.0,1,0.46,0.0,0.0,1,0.5
DEFECT,GENETIC_ALGORITHM,0.0,0.43,88,0.46,0.0,0.0,1,0.5
DEFECT,SCAVENGE,0.33,0.3,55,0.47,0.0,0.0,1,0.5
DEFECT,BOOST_AWAY,0.38,0.28,188,0.45,1.0,0.25,26,0.51
DEFECT,BOLAS,0.0,0.0,0,0.51,0.0,0.0,0,0.5
DEFECT,CHILL,0.6,0.36,136,0.51,0.0,0.0,1,0.5
DEFECT,SKIM,0.0,0.11,32,0.49,0.0,0.0,1,0.5
DEFECT,GO_FOR_THE_EYES,0.54,0.33,289,0.53,0.5,0.33,46,0.49
DEFECT,HYPERBEAM,0.0,0.0,1,0.5,0.0,0.5,32,0.49
DEFECT,ITERATION,0.0,0.25,62,0.47,0.0,0.0,1,0.5
DEFECT,SYNCHRONIZE,0.33,0.3,91,0.47,0.0,0.0,1,0.51
DEFECT,DOUBLE_ENERGY,1.0,0.07,32,0.5,0.0,0.5,30,0.5
DEFECT,SYNTHESIS,0.0,0.25,28,0.46,0.0,0.0,1,0.5
DEFECT,MOMENTUM_STRIKE,0.0,0.0,1,0.5,0.0,0.5,32,0.48
DEFECT,MACHINE_LEARNING,0.75,0.33,110,0.53,0.0,0.0,1,0.5
DEFECT,METEOR_STRIKE,0.0,0.0,1,0.5,0.0,0.0,1,0.48
DEFECT,FINESSE,1.0,0.5,32,0.5,0.0,0.0,1,0.51
DEFECT,BEAM_CELL,0.33,0.25,223,0.46,0.0,0.29,55,0.47
DEFECT,MODDED,0.33,0.43,86,0.49,0.0,0.0,1,0.5
DEFECT,HIDDEN_DAGGERS,1.0,0.5,1,0.51,0.0,0.0,1,0.5
DEFECT,RESTLESSNESS,0.0,0.0,0,0.49,0.0,0.0,0,0.51
DEFECT,FIGHT_THROUGH,0.0,0.14,32,0.48,0.0,0.25,30,0.49
DEFECT,CAPACITOR,0.5,0.2,62,0.51,1.0,0.5,31,0.53
DEFECT,HAILSTORM,0.0,0.11,32,0.49,0.0,0.0,1,0.48
DEFECT,ADAPTIVE_STRIKE,0.0,0.0,1,0.49,0.0,0.0,1,0.5
DEFECT,SHATTER,0.0,0.25,32,0.49,0.0,0.0,1,0.5
DEFECT,BUNDLE_OF_JOY,0.0,0.0,0,0.49,0.0,0.0,0,0.5
DEFECT,NULL,0.0,0.3,87,0.45,0.0,0.5,27,0.48
DEFECT,CONSUMING_SHADOW,1.0,0.25,32,0.51,0.0,0.0,1,0.5
DEFECT,ROYALTIES,0.0,0.0,0,0.49,0.0,0.0,0,0.5
DEFECT,CHAOS,0.0,0.15,28,0.46,1.0,0.5,26,0.51
DEFECT,COLD_SNAP,0.0,0.18,113,0.41,0.0,0.25,28,0.48
DEFECT,PRODUCTION,0.0,0.33,30,0.48,0.0,0.0,1,0.5
DEFECT,ECHO_FORM,0.0,0.0,1,0.48,0.0,0.0,1,0.5
DEFECT,DUALCAST,0.0,0.0,0,0.27,0.0,0.0,0,0.5
DEFECT,FISTICUFFS,0.0,0.0,0,0.5,0.0,0.0,0,0.48
DEFECT,HOTFIX,0.3,0.32,208,0.41,0.0,0.33,25,0.52
DEFECT,HOLOGRAM,0.71,0.4,359,0.51,0.5,0.5,40,0.56
DEFECT,GLASSWORK,0.5,0.35,162,0.51,0.0,0.5,28,0.47
DEFECT,SCRAPE,0.0,0.13,32,0.49,0.0,0.0,1,0.5
DEFECT,REFRACT,0.0,0.28,127,0.42,0.0,0.0,1,0.48
DEFECT,CLUMSY,0.0,0.0,0,0.42,0.0,0.0,0,0.5
DEFECT,FTL,0.0,0.4,62,0.47,0.0,0.5,32,0.49
DEFECT,GLACIER,0.33,0.33,89,0.51,1.0,0.5,27,0.5
DEFECT,PROWESS,0.0,0.0,1,0.5,0.0,0.0,1,0.49
DEFECT,GLITTERSTREAM,0.0,0.0,0,0.49,0.0,0.0,0,0.5
DEFECT,BARRAGE,0.33,0.22,129,0.46,1.0,0.25,25,0.51
DEFECT,LOOP,0.0,0.17,32,0.5,1.0,0.33,32,0.5
DEFECT,HELIX_DRILL,1.0,0.17,32,0.51,0.0,0.0,1,0.5
DEFECT,ALL_FOR_ONE,0.67,0.43,86,0.51,0.0,0.0,1,0.5
DEFECT,SUPERCRITICAL,0.2,0.5,128,0.46,0.0,0.0,1,0.5
DEFECT,SWEEPING_BEAM,0.0,0.1,90,0.45,0.0,0.0,1,0.49
DEFECT,UPROAR,0.0,0.06,31,0.47,0.0,0.5,60,0.47
DEFECT,COOLHEADED,0.25,0.21,136,0.43,0.0,0.0,1,0.49
DEFECT,SUBROUTINE,0.0,0.0,1,0.49,1.0,0.33,32,0.51
DEFECT,DEFRAGMENT,0.5,0.5,61,0.48,0.0,0.0,1,0.51
DEFECT,BUFFER,0.5,0.5,61,0.5,0.0,0.0,1,0.5
DEFECT,COMPILE_DRIVER,0.5,0.17,150,0.5,0.0,0.0,1,0.5
DEFECT,FERAL,0.5,0.2,62,0.47,0.0,0.0,1,0.51
DEFECT,TRASH_TO_TREASURE,0.0,0.25,32,0.49,0.0,0.0,1,0.5
DEFECT,TESLA_COIL,0.0,0.08,32,0.49,1.0,0.5,32,0.51
DEFECT,SMOKESTACK,0.0,0.2,61,0.49,0.0,0.5,32,0.48
DEFECT,GUNK_UP,0.33,0.1,76,0.49,0.0,0.0,1,0.5
DEFECT,MASTER_OF_STRATEGY,0.0,0.0,0,0.51,0.0,0.0,0,0.5
DEFECT,COSMIC_INDIFFERENCE,0.0,0.0,0,0.49,0.0,0.0,0,0.5
DEFECT,ROCKET_PUNCH,0.5,0.22,62,0.5,0.0,0.0,1,0.5
DEFECT,MALAISE,1.0,0.5,32,0.51,0.0,0.0,1,0.5
DEFECT,CHARGE_BATTERY,0.0,0.19,112,0.46,1.0,0.5,28,0.5
DEFECT,ASCENDERS_BANE,0.0,0.0,0,0.28,0.0,0.0,0,0.5
DEFECT,SUNDER,0.0,0.11,32,0.49,0.0,0.5,32,0.49
DEFECT,EXTERMINATE,0.0,0.0,0,0.5,0.0,0.0,0,0.49
DEFECT,WHITE_NOISE,0.0,0.17,32,0.5,1.0,0.33,32,0.5
DEFECT,SHADOW_SHIELD,0.0,0.29,62,0.5,0.0,0.0,1,0.49
DEFECT,NEOWS_FURY,0.0,0.0,0,0.49,0.0,0.0,0,0.5
DEFECT,CLAW,0.38,0.33,300,0.45,0.0,0.5,72,0.46
DEFECT,BULK_UP,0.33,0.33,89,0.48,0.0,0.0,1,0.49
DEFECT,ICE_LANCE,0.0,0.13,32,0.5,0.0,0.0,1,0.5
DEFECT,BOOT_SEQUENCE,0.0,0.08,32,0.48,0.0,0.0,1,0.5
